species,mean_bill_length,mean_flipper_length
Adelie,38.82397260273973,190.1027397260274
Chinstrap,48.83382352941177,195.8235294117647
